<?xml version="1.0" encoding="UTF-8"?>
<project-private xmlns="http://www.netbeans.org/ns/project-private/1">
    <editor-bookmarks xmlns="http://www.netbeans.org/ns/editor-bookmarks/2" lastBookmarkId="0"/>
    <open-files xmlns="http://www.netbeans.org/ns/projectui-open-files/2">
        <group>
            <file>file:/C:/Users/91637/OneDrive/Desktop/Exercise1/SmartHome/src/DoorLock.java</file>
            <file>file:/C:/Users/91637/OneDrive/Desktop/Exercise1/SmartHome/src/DeviceProxy.java</file>
            <file>file:/C:/Users/91637/OneDrive/Desktop/Exercise1/SmartHome/src/SmartHomeHub.java</file>
            <file>file:/C:/Users/91637/OneDrive/Desktop/Exercise1/SmartHome/src/Main.java</file>
            <file>file:/C:/Users/91637/OneDrive/Desktop/Exercise1/SmartHome/src/Trigger.java</file>
            <file>file:/C:/Users/91637/OneDrive/Desktop/Exercise1/SmartHome/src/AbstractDevice.java</file>
            <file>file:/C:/Users/91637/OneDrive/Desktop/Exercise1/SmartHome/src/Device.java</file>
            <file>file:/C:/Users/91637/OneDrive/Desktop/Exercise1/SmartHome/src/DeviceFactory.java</file>
            <file>file:/C:/Users/91637/OneDrive/Desktop/Exercise1/SmartHome/src/DeviceObserver.java</file>
            <file>file:/C:/Users/91637/OneDrive/Desktop/Exercise1/SmartHome/src/DeviceSubject.java</file>
            <file>file:/C:/Users/91637/OneDrive/Desktop/Exercise1/SmartHome/src/Schedule.java</file>
            <file>file:/C:/Users/91637/OneDrive/Desktop/Exercise1/SmartHome/src/Light.java</file>
            <file>file:/C:/Users/91637/OneDrive/Desktop/Exercise1/SmartHome/src/Thermostat.java</file>
        </group>
    </open-files>
</project-private>
